{
	"typescript.reloadProjects.title": "프로젝트 다시 로드",
	"javascript.reloadProjects.title": "프로젝트 다시 로드",
	"configuration.typescript": "TypeScript",
	"typescript.useCodeSnippetsOnMethodSuggest.dec": "매개 변수 서명으로 함수를 완료하세요.",
	"typescript.tsdk.desc": "사용할 tsserver 및 lib*.d.ts 파일이 들어 있는 폴더 경로를 지정합니다.",
	"typescript.disableAutomaticTypeAcquisition": "자동 형식 인식을 사용하지 않습니다. TypeScript >= 2.0.6이 필요하며 변경 후 다시 시작해야 합니다.",
	"typescript.check.tscVersion": "전역 설치 TypeScript 컴파일러(예: tsc)가 사용된 TypeScript 언어 서비스와 다른지 확인하세요.",
	"typescript.tsserver.log": "Enables logging of the TS server to a file. This log can be used to diagnose TS Server issues. The log may contain file paths, source code, and other potentially sensitive information from your project.",
	"typescript.tsserver.trace": "Enables tracing of messages sent to the TS server. This trace can be used to diagnose TS Server issues. The trace may contain file paths, source code, and other potentially sensitive information from your project.",
	"typescript.tsserver.experimentalAutoBuild": "실험적 자동 빌드를 사용하도록 설정합니다. 1.9 dev 또는 2.x tsserver 버전이 필요하며 변경 후에는 VS Code를 다시 시작해야 합니다.",
	"typescript.validate.enable": "TypeScript 유효성 검사를 사용하거나 사용하지 않습니다.",
	"typescript.format.enable": "기본 TypeScript 포맷터를 사용하거나 사용하지 않습니다.",
	"javascript.format.enable": "기본 JavaScript 포맷터를 사용하거나 사용하지 않습니다.",
	"format.insertSpaceAfterCommaDelimiter": "쉼표 구분 기호 뒤에 오는 공백 처리를 정의합니다.",
	"format.insertSpaceAfterSemicolonInForStatements": " for 문에서 세미콜론 뒤에 오는 공백 처리를 정의합니다.",
	"format.insertSpaceBeforeAndAfterBinaryOperators": "이항 연산자 뒤에 오는 공백 처리를 정의합니다.",
	"format.insertSpaceAfterKeywordsInControlFlowStatements": "제어 흐름 문의 키워드 뒤에 오는 공백 처리를 정의합니다.",
	"format.insertSpaceAfterFunctionKeywordForAnonymousFunctions": "익명 함수의 function 키워드 뒤에 오는 공백 처리를 정의합니다.",
	"format.insertSpaceBeforeFunctionParenthesis": "함수 인수 괄호 앞에 오는 공백 처리를 정의합니다. TypeScript 2.1.5 이상이 필요합니다.",
	"format.insertSpaceAfterOpeningAndBeforeClosingNonemptyParenthesis": "비어 있지 않은 여는 괄호 뒤와 닫는 괄호 앞에 오는 공백 처리를 정의합니다.",
	"format.insertSpaceAfterOpeningAndBeforeClosingNonemptyBrackets": "비어 있지 않은 여는 대괄호 뒤와 닫는 대괄호 앞에 오는 공백 처리를 정의합니다.",
	"format.insertSpaceAfterOpeningAndBeforeClosingNonemptyBraces": "Defines space handling after opening and before closing non empty braces. Requires TypeScript >= 2.3.0.",
	"format.insertSpaceAfterOpeningAndBeforeClosingTemplateStringBraces": "템플릿 문자열의 여는 중괄호 뒤와 닫는 중괄호 앞의 공백 처리를 정의합니다. TypeScript >= 2.0.6이 필요합니다.",
	"format.insertSpaceAfterOpeningAndBeforeClosingJsxExpressionBraces": "JSX 식의 여는 중괄호 뒤와 닫는 중괄호 앞의 공백 처리를 정의합니다. TypeScript >= 2.0.6이 필요합니다.",
	"format.placeOpenBraceOnNewLineForFunctions": "함수의 새 줄에 여는 중괄호를 넣을지 정의합니다.",
	"format.placeOpenBraceOnNewLineForControlBlocks": "제어 블록의 새 줄에 여는 중괄호를 넣을지 정의합니다.",
	"javascript.validate.enable": "JavaScript 유효성 검사를 사용하거나 사용하지 않습니다.",
	"typescript.goToProjectConfig.title": "프로젝트 구성으로 이동",
	"javascript.goToProjectConfig.title": "프로젝트 구성으로 이동",
	"typescript.referencesCodeLens.enabled": "참조 CodeLens 사용하거나 사용하지 않도록 설정합니다. TypeScript >= 2.0.6이 필요합니다.",
	"typescript.implementationsCodeLens.enabled": "구현 CodeLens를 사용하거나 사용하지 않도록 설정합니다. TypeScript >= 2.2.0이 필요합니다.",
	"typescript.openTsServerLog.title": "TS 서버 로그 파일 열기",
	"typescript.selectTypeScriptVersion.title": "TypeScript 버전 선택",
	"jsDocCompletion.enabled": "Enable/disable auto JSDoc comments",
	"javascript.implicitProjectConfig.checkJs": "Enable/disable semantic checking of JavaScript files. Existing jsconfig.json or tsconfig.json files override this setting. Requires TypeScript >=2.3.1.",
	"typescript.check.npmIsInstalled": "Check if NPM is installed for automatic typings acquisition"
}