{
	"typescript.reloadProjects.title": "重新載入專案",
	"javascript.reloadProjects.title": "重新載入專案",
	"configuration.typescript": "TypeScript",
	"typescript.useCodeSnippetsOnMethodSuggest.dec": "使用其參數簽章完成函式。",
	"typescript.tsdk.desc": "指定資料夾路徑，其中包含要使用的 tsserver 和 lib*.d.ts 檔案。",
	"typescript.disableAutomaticTypeAcquisition": "停用自動類型取得。需要 TypeScript >= 2.0.6，並需要在變更後重新啟動。",
	"typescript.check.tscVersion": "請檢查全域安裝 TypeScript 編譯器 (例如 tsc) 是否不同於使用的 TypeScript 語言服務。",
	"typescript.tsserver.log": "允許 TS 伺服器記錄到檔案。此記錄可用來診斷 TS 伺服器問題。記錄可能包含檔案路徑、原始程式碼及您專案中可能具有敏感性的其他資訊。",
	"typescript.tsserver.trace": "Enables tracing of messages sent to the TS server. This trace can be used to diagnose TS Server issues. The trace may contain file paths, source code, and other potentially sensitive information from your project.",
	"typescript.tsserver.experimentalAutoBuild": "啟用實驗性自動建置。需要 1.9 dev 或 2.x tsserver 版本，且在變更後必須重新啟動 VS Code。",
	"typescript.validate.enable": "啟用/停用 TypeScript 驗證。",
	"typescript.format.enable": "啟用/停用預設 TypeScript 格式器。",
	"javascript.format.enable": "啟用/停用預設 JavaScript 格式器。",
	"format.insertSpaceAfterCommaDelimiter": "定義逗號分隔符號後的空格處理。",
	"format.insertSpaceAfterSemicolonInForStatements": " 定義 for 陳述式內分號後的空格處理。",
	"format.insertSpaceBeforeAndAfterBinaryOperators": "定義二元運算子後的空格處理。",
	"format.insertSpaceAfterKeywordsInControlFlowStatements": "定義控制流程陳述式內關鍵字後的空格處理方式。",
	"format.insertSpaceAfterFunctionKeywordForAnonymousFunctions": "定義匿名函式之函式關鍵字後的空格處理。",
	"format.insertSpaceBeforeFunctionParenthesis": "定義如何處理函式引數括號之前的空格。TypeScript 必須 >= 2.1.5。",
	"format.insertSpaceAfterOpeningAndBeforeClosingNonemptyParenthesis": "定義左右非空白括弧間的空格處理。",
	"format.insertSpaceAfterOpeningAndBeforeClosingNonemptyBrackets": "定義左右非空白中括弧間的空格處理。",
	"format.insertSpaceAfterOpeningAndBeforeClosingNonemptyBraces": "Defines space handling after opening and before closing non empty braces. Requires TypeScript >= 2.3.0.",
	"format.insertSpaceAfterOpeningAndBeforeClosingTemplateStringBraces": "定義範本字串左右大括弧間的空格處理。需要 TypeScript >= 2.0.6。",
	"format.insertSpaceAfterOpeningAndBeforeClosingJsxExpressionBraces": "定義 JSX 運算式左右大括弧間的空格處理。需要 TypeScript >= 2.0.6。",
	"format.placeOpenBraceOnNewLineForFunctions": "定義是否將左大括弧放入函式的新行。",
	"format.placeOpenBraceOnNewLineForControlBlocks": "定義是否將左大括弧放入控制區塊的新行。",
	"javascript.validate.enable": "啟用/停用 JavaScript 驗證。",
	"typescript.goToProjectConfig.title": "移至專案組態",
	"javascript.goToProjectConfig.title": "移至專案組態",
	"typescript.referencesCodeLens.enabled": "啟用/停用參考 CodeLens。需要 TypeScript >= 2.0.6。",
	"typescript.implementationsCodeLens.enabled": "啟用/停用實作 CodeLens。需要 TypeScript >= 2.2.0。",
	"typescript.openTsServerLog.title": "開啟 TS 伺服器記錄檔",
	"typescript.selectTypeScriptVersion.title": "選取 TypeScript 版本",
	"jsDocCompletion.enabled": "啟用/停用自動 JSDoc 註解",
	"javascript.implicitProjectConfig.checkJs": "啟用/停用 JavaScript 檔案的語意檢查。現有的 jsconfig.json 或 tsconfig.json 檔案會覆寫此設定。需要 TypeScript >=2.3.1。",
	"typescript.check.npmIsInstalled": "Check if NPM is installed for automatic typings acquisition"
}