{
	"extension.description": "適用於 Node.js 的 Visual Studio Code 偵錯工具延伸模組",
	"node.label": "Node.js",
	"open.loaded.script": "開啟已載入的指令碼",
	"toggle.skipping.this.file": "Toggle Skipping this File",
	"smartStep.description": "自動逐步所執行產生無法對應回原始碼的程式碼。",
	"skipFiles.description": "偵錯時要跳過的檔案 Glob 模式陣列。",
	"outFiles.description": "如果已啟用來源對應，這些 Glob 模式會指定產生的 JavaScript 檔案。如果模式開頭為 '!'，檔案即遭排除。如果未指定，產生的程式碼就會位於其來源的相同目錄。",
	"outDir.deprecationMessage": "屬性 'outDir' 已取代，請改用 'outFiles'。",
	"trace.description": "產生診斷輸出。您也可以不將此選項設為 true，改而列出一或多個選取器 (以逗點分隔)。[詳細資訊] 選取器會提供非常詳盡的輸出。",
	"launch.args.description": "傳遞給程式的命令列引數。",
	"node.protocol.description": "要使用的 Node.js 偵錯通訊協定。",
	"node.protocol.auto.description": "try to detect the best protocol automatically, selecting 'inspector' for launching Node 8.0+",
	"node.protocol.inspector.description": "Node.js 版本 >= 6.3 支援新的通訊協定",
	"node.protocol.legacy.description": "old protocol supported by Node.js versions < 8.0",
	"node.sourceMaps.description": "使用 JavaScript 來源對應 (如果存在)。",
	"node.stopOnEntry.description": "在啟動後自動停止程式。",
	"node.port.description": "要附加到的目標偵錯連接埠。預設值為 5858。",
	"node.address.description": "要偵錯的處理序 TCP/IP 位址 (僅限 Node.js >= 5.0)。預設為 'localhost'。",
	"node.timeout.description": "重試連接到 Node.js 前要等待的毫秒數。預設值為 10000 毫秒。",
	"node.restart.description": "在 Node.js 終止後重新啟動工作階段。",
	"node.showAsyncStacks.description": "顯示導致目前呼叫堆疊的非同步呼叫。僅限 'inspector' 通訊協定。",
	"node.launch.program.description": "程式的絕對路徑。透過查看 package.json 及開啟的檔案猜測產生的值。編輯此屬性。",
	"node.launch.externalConsole.deprecationMessage": "屬性 'externalConsole' 已取代，請改用 'console'。",
	"node.launch.console.description": "啟動偵錯目標的位置。",
	"node.launch.console.internalConsole.description": "VS Code 偵錯主控台 (無法從程式讀取輸入)",
	"node.launch.console.integratedTerminal.description": "VS Code 的整合式終端機",
	"node.launch.console.externalTerminal.description": "外部終端機可透過使用者設定加以設定",
	"node.launch.cwd.description": "程式工作目錄的絕對路徑 (該程式正在進行偵錯)。",
	"node.launch.runtimeExecutable.description": "要使用的執行階段。可以是 PATH 上可用執行階段的絕對路徑或名稱。如果省略，即假設為 'node'。",
	"node.launch.runtimeArgs.description": "傳遞給執行階段可執行檔的選擇性引數。",
	"node.launch.env.description": "傳遞給程式的環境變數。",
	"node.launch.envFile.description": "包含環境變數定義之檔案的絕對路徑。",
	"node.launch.config.name": "啟動",
	"node.attach.processId.description": "要附加的處理序識別碼。",
	"node.attach.localRoot.description": "包含程式的本機目錄路徑。",
	"node.attach.remoteRoot.description": "包含程式的遠端目錄絕對路徑。",
	"node.attach.config.name": "附加",
	"node.processattach.config.name": "附加至處理序",
	"node.snippet.launch.label": "Node.js: 啟動程式",
	"node.snippet.launch.description": "在偵錯模式中啟動節點程式",
	"node.snippet.npm.label": "Node.js: 透過 NPM 啟動",
	"node.snippet.npm.description": "透過 npm 'debug' 指令碼啟動節點程式",
	"node.snippet.attach.label": "Node.js: Attach",
	"node.snippet.attach.description": "Attach to a running node program",
	"node.snippet.remoteattach.label": "Node.js: 附加到遠端程式",
	"node.snippet.remoteattach.description": "附加到遠端節點程式的偵錯連接埠",
	"node.snippet.attachProcess.label": "Node.js: 連結到處理序",
	"node.snippet.attachProcess.description": "開啟處理序選擇器以選取要連結的目標節點或 gulp 處理序",
	"node.snippet.nodemon.label": "Node.js: Nodemon 設定",
	"node.snippet.nodemon.description": "使用 nodemon 在來源變更時重新啟動偵錯工作階段",
	"node.snippet.mocha.label": "Node.js: Mocha 測試",
	"node.snippet.mocha.description": "對 mocha 測試偵錯",
	"node.snippet.yo.label": "Node.js: Yeoman 產生器",
	"node.snippet.yo.description": "對 Yeoman 產生器偵錯 (透過執行專案資料夾中的 'npm link' 進行安裝)",
	"node.snippet.gulp.label": "Node.js: Gulp 工作",
	"node.snippet.gulp.description": "對 Gulp 工作偵錯 (確認您的專案中已安裝本機 Gulp)",
	"node.snippet.electron.label": "Node.js: Electron 主要",
	"node.snippet.electron.description": "對 Electron 主要處理序偵錯",
	"extensionHost.label": "VS Code 延伸模組開發",
	"extensionHost.launch.runtimeExecutable.description": "VS Code 的絕對路徑。",
	"extensionHost.launch.stopOnEntry.description": "在啟動後自動停止延伸主機。",
	"extensionHost.launch.sourceMaps.description": "使用 JavaScript 來源對應。",
	"extensionHost.launch.env.description": "已將環境變數傳遞到延伸模組主機。",
	"extensionHost.snippet.launch.label": "VS Code 延伸模組開發",
	"extensionHost.snippet.launch.description": "在偵錯模式中啟動 VS Code 延伸模組",
	"extensionHost.launch.config.name": "啟動擴充功能"
}