{
	"markdown.preview.doubleClickToSwitchToEditor.desc": "Doppelklicken Sie in die Markdown-Vorschau, um zum Editor zu wechseln.",
	"markdown.preview.fontFamily.desc": "Steuert die Schriftfamilie, die in der Markdownvorschau verwendet wird.",
	"markdown.preview.fontSize.desc": "Steuert den Schriftgrad in Pixeln, der in der Markdownvorschau verwendet wird.",
	"markdown.preview.lineHeight.desc": "Steuert die Zeilenhöhe, die in der Markdownvorschau verwendet wird. Diese Zahl ist relativ zum Schriftgrad.",
	"markdown.preview.markEditorSelection.desc": "Markieren Sie die aktuelle Editor-Auswahl in der Markdown-Vorschau.",
	"markdown.preview.scrollEditorWithPreview.desc": "Wenn für die Markdown-Vorschau ein Bildlauf durchgeführt wird, aktualisieren Sie die Ansicht des Editors.",
	"markdown.preview.scrollPreviewWithEditorSelection.desc": "Führt einen Bildlauf für die Markdown-Vorschau durch, um die aktuell ausgewählte Zeile im Editor anzuzeigen.",
	"markdown.preview.title": "Vorschau öffnen",
	"markdown.previewFrontMatter.dec": "Legt fest, wie die YAML-Titelei in der Markdownvorschau gerendert werden soll. Durch \"hide\" wird die Titelei entfernt. Andernfalls wird die Titelei wie Markdowninhalt verarbeitet.",
	"markdown.previewSide.title": "Vorschau an der Seite öffnen",
	"markdown.showSource.title": "Quelle anzeigen",
	"markdown.styles.dec": "Eine Liste von URLs oder lokalen Pfaden zu CSS-Stylesheets aus der Markdownvorschau, die verwendet werden sollen. Relative Pfade werden relativ zu dem Ordner interpretiert, der im Explorer geöffnet ist. Wenn kein Ordner geöffnet ist, werden sie relativ zum Speicherort der Markdowndatei interpretiert. Alle '\\' müssen als '\\\\' geschrieben werden.",
	"markdown.showPreviewSecuritySelector.title": "Sicherheitseinstellungen für Markdown-Vorschau ändern",
	"markdown.preview.enableExperimentalExtensionApi.desc": "[Experimentell] Erlaube Erweiterungen die Markdown-Vorschau zu erweitern.",
	"markdown.trace.desc": "Enable debug logging for the markdown extension."
}